transaction_id,customer_id,product_id,transaction_date,quantity,unit_price,discount_pct,channel,payment_method,total_amount
TRX000000,CUST0043,PROD002,2025-03-28T17:39:40.653181,1,43.4,15,store,credit,36.89
TRX000001,CUST0019,PROD014,2025-09-02T17:39:40.653242,1,87.53,15,store,credit,74.4005
TRX000002,CUST0087,PROD016,2025-04-02T17:39:40.653261,3,34.51,20,store,paypal,82.82400000000001
TRX000003,CUST0038,PROD007,2025-09-03T17:39:40.653267,3,113.76,5,online,paypal,324.216
TRX000004,CUST0040,PROD010,2025-05-10T17:39:40.653272,2,143.85,10,online,paypal,258.93
TRX000005,CUST0021,PROD016,2025-05-11T17:39:40.653277,2,90.66,10,mobile,paypal,163.188
TRX000006,CUST0005,PROD009,2025-07-09T17:39:40.653282,2,94.77,10,online,paypal,170.58599999999998
TRX000007,CUST0075,PROD004,2025-04-05T17:39:40.653286,3,178.9,10,mobile,cash,483.03000000000003
TRX000008,CUST0090,PROD020,2025-06-26T17:39:40.653291,2,37.16,10,store,paypal,66.88799999999999
TRX000009,CUST0062,PROD001,2025-05-11T17:39:40.653295,2,64.06,10,mobile,cash,115.308
TRX000010,CUST0072,PROD016,2025-08-19T17:39:40.653300,2,107.66,15,store,credit,183.022
TRX000011,CUST0039,PROD002,2025-05-04T17:39:40.653307,1,28.79,15,store,cash,24.4715
TRX000012,CUST0091,PROD002,2025-08-07T17:39:40.653311,2,108.2,10,online,paypal,194.76000000000002
TRX000013,CUST0072,PROD012,2025-08-04T17:39:40.653315,3,139.72,5,online,cash,398.20199999999994
TRX000014,CUST0028,PROD010,2025-07-21T17:39:40.653319,1,133.84,0,store,credit,133.84
TRX000015,CUST0080,PROD012,2025-06-01T17:39:40.653323,2,74.04,15,online,credit,125.86800000000001
TRX000016,CUST0024,PROD015,2025-05-23T17:39:40.653328,2,125.98,10,mobile,debit,226.764
TRX000017,CUST0083,PROD016,2025-08-06T17:39:40.653332,3,116.92,5,mobile,debit,333.222
TRX000018,CUST0049,PROD015,2025-04-16T17:39:40.653336,1,76.47,20,store,debit,61.176
TRX000019,CUST0075,PROD008,2025-04-13T17:39:40.653340,2,95.82,5,store,cash,182.058
TRX000020,CUST0095,PROD014,2025-04-27T17:39:40.653344,2,72.86,0,store,debit,145.72
TRX000021,CUST0087,PROD009,2025-04-11T17:39:40.653348,1,11.81,15,store,debit,10.0385
TRX000022,CUST0041,PROD007,2025-04-24T17:39:40.653352,2,153.55,15,store,credit,261.035
TRX000023,CUST0025,PROD018,2025-04-02T17:39:40.653358,1,150.53,15,online,paypal,127.95049999999999
TRX000024,CUST0047,PROD018,2025-08-29T17:39:40.653362,1,67.24,0,store,paypal,67.24
TRX000025,CUST0040,PROD010,2025-05-15T17:39:40.653367,3,54.72,15,online,credit,139.536
TRX000026,CUST0047,PROD009,2025-08-24T17:39:40.653371,3,66.17,10,store,debit,178.659
TRX000027,CUST0037,PROD004,2025-08-17T17:39:40.653375,3,67.22,20,mobile,debit,161.328
TRX000028,CUST0053,PROD013,2025-08-28T17:39:40.653380,1,183.61,5,online,credit,174.42950000000002
TRX000029,CUST0063,PROD011,2025-07-11T17:39:40.653384,3,28.66,5,online,credit,81.681
TRX000030,CUST0025,PROD016,2025-08-21T17:39:40.653388,2,136.6,5,online,debit,259.53999999999996
TRX000031,CUST0008,PROD003,2025-06-11T17:39:40.653391,3,173.78,20,store,cash,417.07200000000006
TRX000032,CUST0026,PROD014,2025-05-17T17:39:40.653396,3,63.24,15,store,debit,161.262
TRX000033,CUST0080,PROD001,2025-08-16T17:39:40.653400,1,116.47,0,store,paypal,116.47
TRX000034,CUST0002,PROD005,2025-06-12T17:39:40.653404,1,183.82,5,store,credit,174.629
TRX000035,CUST0035,PROD002,2025-07-03T17:39:40.653413,3,124.06,0,online,debit,372.18
TRX000036,CUST0053,PROD017,2025-04-21T17:39:40.653417,1,44.51,10,store,credit,40.059
TRX000037,CUST0062,PROD006,2025-07-16T17:39:40.653422,1,191.62,15,mobile,debit,162.877
TRX000038,CUST0013,PROD020,2025-03-26T17:39:40.653426,2,43.81,15,mobile,debit,74.477
TRX000039,CUST0099,PROD012,2025-04-21T17:39:40.653430,3,26.98,10,mobile,paypal,72.846
TRX000040,CUST0050,PROD014,2025-08-29T17:39:40.653435,1,126.71,20,mobile,paypal,101.368
TRX000041,CUST0072,PROD009,2025-04-23T17:39:40.653439,2,188.83,5,online,debit,358.777
TRX000042,CUST0034,PROD010,2025-08-11T17:39:40.653444,2,10.09,0,mobile,paypal,20.18
TRX000043,CUST0056,PROD008,2025-07-24T17:39:40.653448,3,185.15,10,mobile,cash,499.90500000000003
TRX000044,CUST0015,PROD016,2025-03-23T17:39:40.653452,1,100.94,20,online,debit,80.75200000000001
TRX000045,CUST0002,PROD010,2025-05-07T17:39:40.653456,2,174.65,0,mobile,debit,349.3
TRX000046,CUST0071,PROD015,2025-09-05T17:39:40.653463,1,179.19,20,store,cash,143.352
TRX000047,CUST0024,PROD016,2025-05-28T17:39:40.653467,3,150.79,20,store,debit,361.896
TRX000048,CUST0075,PROD016,2025-06-04T17:39:40.653471,1,175.92,15,mobile,cash,149.53199999999998
TRX000049,CUST0017,PROD014,2025-05-29T17:39:40.653475,3,71.81,0,store,paypal,215.43
TRX000050,CUST0097,PROD013,2025-06-23T17:39:40.653479,2,69.98,5,online,credit,132.962
TRX000051,CUST0022,PROD010,2025-04-30T17:39:40.653483,2,46.54,10,online,debit,83.772
TRX000052,CUST0099,PROD010,2025-08-11T17:39:40.653487,2,159.63,10,store,debit,287.334
TRX000053,CUST0043,PROD017,2025-07-22T17:39:40.653492,2,46.69,0,online,credit,93.38
TRX000054,CUST0053,PROD010,2025-08-31T17:39:40.653497,3,164.57,20,mobile,paypal,394.968
TRX000055,CUST0055,PROD003,2025-09-07T17:39:40.653502,1,142.72,15,online,credit,121.312
TRX000056,CUST0090,PROD018,2025-04-17T17:39:40.653506,1,159.65,15,online,credit,135.70250000000001
TRX000057,CUST0008,PROD019,2025-07-21T17:39:40.653510,1,51.01,20,store,debit,40.808
TRX000058,CUST0066,PROD001,2025-07-19T17:39:40.653514,2,176.39,10,store,credit,317.502
TRX000059,CUST0083,PROD018,2025-05-06T17:39:40.653518,1,161.47,0,mobile,paypal,161.47
TRX000060,CUST0058,PROD010,2025-08-11T17:39:40.653523,3,44.74,15,mobile,paypal,114.08699999999999
TRX000061,CUST0044,PROD002,2025-09-16T17:39:40.653527,2,70.54,15,online,cash,119.918
TRX000062,CUST0008,PROD001,2025-08-16T17:39:40.653536,3,193.7,10,online,credit,522.9899999999999
TRX000063,CUST0037,PROD005,2025-04-04T17:39:40.653543,2,159.37,0,store,credit,318.74
TRX000064,CUST0082,PROD014,2025-06-10T17:39:40.653548,3,63.67,5,store,debit,181.4595
TRX000065,CUST0085,PROD001,2025-03-21T17:39:40.653553,1,50.26,0,store,credit,50.26
TRX000066,CUST0035,PROD012,2025-06-03T17:39:40.653558,1,167.47,15,store,credit,142.3495
TRX000067,CUST0096,PROD019,2025-05-13T17:39:40.653562,1,87.05,5,mobile,cash,82.69749999999999
TRX000068,CUST0037,PROD001,2025-07-18T17:39:40.653566,3,154.61,20,online,paypal,371.0640000000001
TRX000069,CUST0029,PROD010,2025-08-11T17:39:40.653570,2,67.98,20,online,debit,108.76800000000001
TRX000070,CUST0057,PROD006,2025-06-16T17:39:40.653574,1,134.37,10,online,cash,120.933
TRX000071,CUST0049,PROD020,2025-08-25T17:39:40.653578,3,102.96,15,store,paypal,262.548
TRX000072,CUST0006,PROD005,2025-05-03T17:39:40.653582,3,85.51,10,store,debit,230.87700000000004
TRX000073,CUST0084,PROD001,2025-06-21T17:39:40.653586,2,59.39,20,online,debit,95.024
TRX000074,CUST0015,PROD007,2025-07-22T17:39:40.653590,1,23.11,5,mobile,paypal,21.9545
TRX000075,CUST0029,PROD018,2025-08-08T17:39:40.653594,3,19.14,20,online,cash,45.93600000000001
TRX000076,CUST0034,PROD003,2025-05-25T17:39:40.653598,3,175.0,0,store,paypal,525.0
TRX000077,CUST0054,PROD003,2025-04-03T17:39:40.653605,2,112.65,10,online,paypal,202.77
TRX000078,CUST0063,PROD013,2025-07-02T17:39:40.653609,1,99.47,20,store,debit,79.57600000000001
TRX000079,CUST0049,PROD020,2025-04-23T17:39:40.653612,2,111.97,0,online,paypal,223.94
TRX000080,CUST0093,PROD014,2025-05-22T17:39:40.653616,3,47.07,0,online,debit,141.21
TRX000081,CUST0068,PROD017,2025-09-07T17:39:40.653620,3,154.78,15,mobile,paypal,394.689
TRX000082,CUST0053,PROD004,2025-05-28T17:39:40.653624,2,19.89,20,online,cash,31.824
TRX000083,CUST0032,PROD016,2025-07-24T17:39:40.653628,2,126.31,10,online,credit,227.358
TRX000084,CUST0035,PROD015,2025-05-25T17:39:40.653631,1,154.69,20,mobile,paypal,123.75200000000001
TRX000085,CUST0014,PROD011,2025-08-10T17:39:40.653635,3,89.97,10,online,cash,242.91899999999998
TRX000086,CUST0015,PROD011,2025-06-01T17:39:40.653639,3,83.98,10,online,cash,226.746
TRX000087,CUST0086,PROD002,2025-08-15T17:39:40.653643,3,47.48,0,online,credit,142.44
TRX000088,CUST0075,PROD020,2025-07-02T17:39:40.653646,2,141.36,0,store,paypal,282.72
TRX000089,CUST0053,PROD002,2025-06-09T17:39:40.653650,1,139.02,10,mobile,credit,125.11800000000001
TRX000090,CUST0013,PROD006,2025-04-17T17:39:40.653655,2,141.34,20,online,cash,226.144
TRX000091,CUST0008,PROD002,2025-08-27T17:39:40.653659,3,138.4,5,store,credit,394.44
TRX000092,CUST0092,PROD018,2025-07-26T17:39:40.653663,1,40.52,0,store,cash,40.52
TRX000093,CUST0094,PROD005,2025-03-22T17:39:40.653667,1,172.2,20,store,debit,137.76
TRX000094,CUST0094,PROD014,2025-07-02T17:39:40.653670,2,86.82,10,mobile,cash,156.27599999999998
TRX000095,CUST0097,PROD002,2025-07-28T17:39:40.653674,3,154.16,10,online,paypal,416.232
TRX000096,CUST0053,PROD011,2025-08-08T17:39:40.653678,1,198.11,10,store,paypal,178.299
TRX000097,CUST0095,PROD004,2025-09-08T17:39:40.653682,3,120.08,20,store,cash,288.192
TRX000098,CUST0084,PROD006,2025-08-07T17:39:40.653686,3,79.05,5,store,cash,225.29249999999996
TRX000099,CUST0077,PROD016,2025-09-09T17:39:40.653690,1,119.43,5,online,credit,113.4585
TRX000100,CUST0054,PROD015,2025-07-09T17:39:40.653695,3,60.13,15,online,credit,153.3315
TRX000101,CUST0098,PROD012,2025-09-16T17:39:40.653698,3,124.37,20,mobile,credit,298.488
TRX000102,CUST0075,PROD015,2025-06-12T17:39:40.653702,3,28.87,5,store,paypal,82.2795
TRX000103,CUST0058,PROD020,2025-09-01T17:39:40.653706,2,69.71,20,online,credit,111.536
TRX000104,CUST0099,PROD002,2025-04-15T17:39:40.653711,1,101.31,15,mobile,credit,86.1135
TRX000105,CUST0091,PROD009,2025-03-25T17:39:40.653715,1,58.95,5,store,credit,56.0025
TRX000106,CUST0069,PROD010,2025-09-03T17:39:40.653718,1,116.93,10,mobile,paypal,105.23700000000001
TRX000107,CUST0095,PROD013,2025-05-29T17:39:40.653722,3,120.43,5,online,credit,343.2255
TRX000108,CUST0024,PROD018,2025-05-23T17:39:40.653726,1,133.14,5,online,cash,126.48299999999998
TRX000109,CUST0036,PROD005,2025-08-12T17:39:40.653730,1,149.88,20,store,debit,119.904
TRX000110,CUST0029,PROD019,2025-06-01T17:39:40.653734,2,158.12,10,mobile,debit,284.61600000000004
TRX000111,CUST0071,PROD003,2025-04-17T17:39:40.653738,2,63.49,10,online,paypal,114.28200000000001
TRX000112,CUST0044,PROD017,2025-04-08T17:39:40.653742,2,164.0,0,mobile,debit,328.0
TRX000113,CUST0091,PROD004,2025-06-26T17:39:40.653746,2,167.19,20,online,cash,267.504
TRX000114,CUST0038,PROD003,2025-09-10T17:39:40.653750,2,140.39,20,store,debit,224.624
TRX000115,CUST0025,PROD016,2025-07-20T17:39:40.653753,3,197.41,0,online,credit,592.23
TRX000116,CUST0016,PROD004,2025-08-24T17:39:40.653757,1,154.21,10,store,cash,138.78900000000002
TRX000117,CUST0099,PROD019,2025-04-07T17:39:40.653762,3,183.07,10,mobile,credit,494.28900000000004
TRX000118,CUST0036,PROD004,2025-04-29T17:39:40.653765,3,95.93,5,store,paypal,273.4005
TRX000119,CUST0021,PROD016,2025-07-30T17:39:40.653769,1,116.78,5,online,credit,110.941
TRX000120,CUST0091,PROD017,2025-06-17T17:39:40.653773,2,62.35,15,online,debit,105.995
TRX000121,CUST0008,PROD013,2025-08-23T17:39:40.653776,2,12.78,20,store,credit,20.448
TRX000122,CUST0010,PROD020,2025-08-12T17:39:40.653780,1,110.45,5,online,paypal,104.9275
TRX000123,CUST0011,PROD006,2025-06-14T17:39:40.653784,2,152.63,20,mobile,paypal,244.208
TRX000124,CUST0004,PROD001,2025-07-23T17:39:40.653788,2,42.95,20,online,credit,68.72000000000001
TRX000125,CUST0022,PROD007,2025-03-24T17:39:40.653792,3,73.87,20,mobile,cash,177.288
TRX000126,CUST0022,PROD006,2025-08-18T17:39:40.653796,2,198.59,0,store,paypal,397.18
TRX000127,CUST0054,PROD008,2025-08-07T17:39:40.653799,1,161.93,15,store,cash,137.6405
TRX000128,CUST0039,PROD018,2025-07-06T17:39:40.653803,1,78.83,5,store,debit,74.8885
TRX000129,CUST0070,PROD009,2025-08-15T17:39:40.653807,3,12.56,10,store,credit,33.912
TRX000130,CUST0084,PROD004,2025-05-09T17:39:40.653811,2,179.07,10,online,cash,322.326
TRX000131,CUST0016,PROD003,2025-08-18T17:39:40.653815,2,38.0,5,mobile,paypal,72.2
TRX000132,CUST0030,PROD014,2025-07-03T17:39:40.653820,2,144.2,0,mobile,paypal,288.4
TRX000133,CUST0063,PROD003,2025-09-05T17:39:40.653824,3,104.11,0,mobile,paypal,312.33
TRX000134,CUST0056,PROD007,2025-09-03T17:39:40.653828,3,163.39,15,online,credit,416.64449999999994
TRX000135,CUST0080,PROD015,2025-05-30T17:39:40.653832,2,86.23,20,store,credit,137.96800000000002
TRX000136,CUST0045,PROD019,2025-08-26T17:39:40.653836,2,29.11,20,mobile,paypal,46.576
TRX000137,CUST0002,PROD002,2025-06-21T17:39:40.653840,3,186.68,20,mobile,cash,448.032
TRX000138,CUST0049,PROD015,2025-04-21T17:39:40.653844,3,117.77,15,store,paypal,300.3135
TRX000139,CUST0085,PROD017,2025-08-19T17:39:40.653849,2,175.35,5,mobile,credit,333.16499999999996
TRX000140,CUST0001,PROD019,2025-09-13T17:39:40.653853,2,141.21,10,mobile,debit,254.17800000000003
TRX000141,CUST0062,PROD006,2025-07-24T17:39:40.653857,3,27.33,20,online,debit,65.592
TRX000142,CUST0069,PROD011,2025-09-02T17:39:40.653861,1,90.44,15,mobile,paypal,76.874
TRX000143,CUST0018,PROD002,2025-08-22T17:39:40.653865,1,195.75,5,online,cash,185.96249999999998
TRX000144,CUST0096,PROD002,2025-08-16T17:39:40.653869,1,144.0,0,online,paypal,144.0
TRX000145,CUST0018,PROD015,2025-03-28T17:39:40.653873,2,117.35,5,online,debit,222.96499999999997
TRX000146,CUST0032,PROD001,2025-07-09T17:39:40.653877,1,94.58,15,online,paypal,80.393
TRX000147,CUST0048,PROD019,2025-04-13T17:39:40.653882,1,77.54,0,store,cash,77.54
TRX000148,CUST0069,PROD005,2025-05-04T17:39:40.653886,1,182.65,10,mobile,debit,164.38500000000002
TRX000149,CUST0051,PROD016,2025-05-08T17:39:40.653891,1,198.1,20,mobile,cash,158.48000000000002
TRX000150,CUST0036,PROD019,2025-09-03T17:39:40.653895,2,196.74,0,store,debit,393.48
TRX000151,CUST0098,PROD019,2025-08-26T17:39:40.653899,2,187.64,20,store,credit,300.224
TRX000152,CUST0089,PROD017,2025-03-25T17:39:40.653903,1,26.24,5,online,paypal,24.927999999999997
TRX000153,CUST0001,PROD007,2025-09-13T17:39:40.653908,3,61.4,15,store,cash,156.57
TRX000154,CUST0048,PROD008,2025-06-04T17:39:40.653912,1,44.66,20,store,paypal,35.728
TRX000155,CUST0028,PROD009,2025-07-31T17:39:40.653918,1,11.31,20,online,credit,9.048
TRX000156,CUST0072,PROD016,2025-04-26T17:39:40.653923,1,193.55,0,online,paypal,193.55
TRX000157,CUST0036,PROD013,2025-08-26T17:39:40.653927,1,88.07,0,store,paypal,88.07
TRX000158,CUST0029,PROD020,2025-08-06T17:39:40.653931,2,198.45,15,store,paypal,337.36499999999995
TRX000159,CUST0085,PROD007,2025-08-20T17:39:40.653935,1,183.71,20,online,paypal,146.96800000000002
TRX000160,CUST0041,PROD019,2025-07-02T17:39:40.653939,2,39.85,15,online,credit,67.745
TRX000161,CUST0099,PROD004,2025-05-13T17:39:40.653944,2,176.9,0,store,debit,353.8
TRX000162,CUST0006,PROD013,2025-05-23T17:39:40.653947,2,43.7,0,mobile,cash,87.4
TRX000163,CUST0006,PROD009,2025-05-15T17:39:40.653951,2,77.27,10,store,debit,139.08599999999998
TRX000164,CUST0015,PROD017,2025-07-07T17:39:40.653955,2,173.72,20,mobile,paypal,277.952
TRX000165,CUST0041,PROD008,2025-06-12T17:39:40.653959,1,68.17,10,mobile,credit,61.353
TRX000166,CUST0021,PROD004,2025-04-28T17:39:40.653962,1,190.08,5,mobile,debit,180.576
TRX000167,CUST0065,PROD003,2025-06-01T17:39:40.653966,1,57.32,15,store,paypal,48.722
TRX000168,CUST0054,PROD013,2025-05-14T17:39:40.653971,2,122.68,0,mobile,debit,245.36
TRX000169,CUST0054,PROD003,2025-07-12T17:39:40.653975,1,39.64,5,store,debit,37.658
TRX000170,CUST0089,PROD018,2025-06-20T17:39:40.653978,2,150.1,5,online,debit,285.19
TRX000171,CUST0074,PROD008,2025-06-03T17:39:40.653982,2,124.89,15,mobile,credit,212.313
TRX000172,CUST0051,PROD008,2025-05-20T17:39:40.653986,2,37.5,15,online,debit,63.75
TRX000173,CUST0045,PROD002,2025-08-05T17:39:40.653992,3,19.59,15,online,cash,49.954499999999996
TRX000174,CUST0037,PROD010,2025-08-28T17:39:40.653996,1,172.15,20,mobile,cash,137.72
TRX000175,CUST0075,PROD011,2025-04-26T17:39:40.654003,1,90.11,20,store,paypal,72.08800000000001
TRX000176,CUST0061,PROD011,2025-08-23T17:39:40.654007,2,194.78,15,store,cash,331.126
TRX000177,CUST0032,PROD006,2025-07-02T17:39:40.654011,3,105.29,0,online,debit,315.87
TRX000178,CUST0004,PROD013,2025-09-06T17:39:40.654015,2,97.95,10,mobile,cash,176.31
TRX000179,CUST0072,PROD003,2025-08-10T17:39:40.654019,1,185.89,15,online,debit,158.0065
TRX000180,CUST0057,PROD008,2025-07-02T17:39:40.654023,3,46.69,20,mobile,paypal,112.056
TRX000181,CUST0069,PROD020,2025-03-29T17:39:40.654027,3,186.35,20,store,debit,447.24
TRX000182,CUST0053,PROD019,2025-05-24T17:39:40.654031,2,56.83,20,mobile,paypal,90.928
TRX000183,CUST0001,PROD003,2025-06-29T17:39:40.654035,2,142.84,20,mobile,cash,228.544
TRX000184,CUST0036,PROD010,2025-08-27T17:39:40.654039,3,110.89,0,online,credit,332.67
TRX000185,CUST0048,PROD011,2025-08-17T17:39:40.654043,3,15.55,0,online,cash,46.650000000000006
TRX000186,CUST0076,PROD001,2025-07-03T17:39:40.654046,3,151.27,10,mobile,paypal,408.4290000000001
TRX000187,CUST0056,PROD015,2025-05-02T17:39:40.654050,2,142.13,15,store,cash,241.62099999999998
TRX000188,CUST0033,PROD014,2025-03-23T17:39:40.654054,2,138.07,15,store,credit,234.719
TRX000189,CUST0078,PROD016,2025-08-09T17:39:40.654058,1,99.71,20,mobile,paypal,79.768
TRX000190,CUST0023,PROD003,2025-07-14T17:39:40.654062,1,176.22,15,mobile,cash,149.787
TRX000191,CUST0088,PROD017,2025-06-29T17:39:40.654067,3,42.78,5,mobile,debit,121.923
TRX000192,CUST0006,PROD007,2025-04-17T17:39:40.654071,2,78.87,15,online,paypal,134.079
TRX000193,CUST0044,PROD003,2025-07-22T17:39:40.654075,1,48.24,15,online,credit,41.004
TRX000194,CUST0035,PROD014,2025-05-12T17:39:40.654079,1,67.3,0,mobile,cash,67.3
TRX000195,CUST0049,PROD010,2025-09-08T17:39:40.654122,3,99.27,15,online,paypal,253.1385
TRX000196,CUST0015,PROD003,2025-07-13T17:39:40.654131,1,193.84,0,online,credit,193.84
TRX000197,CUST0070,PROD014,2025-06-21T17:39:40.654136,3,117.77,15,store,debit,300.3135
TRX000198,CUST0066,PROD019,2025-07-19T17:39:40.654140,1,42.97,5,online,debit,40.8215
TRX000199,CUST0039,PROD018,2025-08-24T17:39:40.654145,2,70.54,10,store,cash,126.97200000000001
TRX000200,CUST0092,PROD017,2025-07-11T17:39:40.654149,3,84.03,5,mobile,paypal,239.4855
TRX000201,CUST0085,PROD003,2025-08-12T17:39:40.654155,2,70.12,0,online,paypal,140.24
TRX000202,CUST0050,PROD009,2025-07-22T17:39:40.654159,3,159.88,0,online,paypal,479.64
TRX000203,CUST0026,PROD019,2025-05-08T17:39:40.654163,2,56.08,20,store,paypal,89.72800000000001
TRX000204,CUST0063,PROD004,2025-07-18T17:39:40.654168,3,39.3,10,mobile,credit,106.11
TRX000205,CUST0094,PROD004,2025-05-24T17:39:40.654172,1,81.89,0,store,cash,81.89
TRX000206,CUST0053,PROD013,2025-07-21T17:39:40.654178,1,81.33,10,store,credit,73.197
TRX000207,CUST0053,PROD017,2025-07-09T17:39:40.654182,2,180.11,10,store,credit,324.19800000000004
TRX000208,CUST0096,PROD015,2025-07-15T17:39:40.654186,1,33.07,10,store,paypal,29.763
TRX000209,CUST0072,PROD008,2025-07-28T17:39:40.654190,2,118.09,0,online,debit,236.18
TRX000210,CUST0009,PROD013,2025-04-29T17:39:40.654194,3,83.46,20,online,credit,200.304
TRX000211,CUST0048,PROD011,2025-05-20T17:39:40.654198,3,30.86,0,online,credit,92.58
TRX000212,CUST0084,PROD015,2025-05-14T17:39:40.654203,3,30.5,20,online,credit,73.2
TRX000213,CUST0070,PROD013,2025-08-06T17:39:40.654208,3,78.26,15,mobile,debit,199.56300000000002
TRX000214,CUST0038,PROD004,2025-04-06T17:39:40.654213,3,160.6,15,store,debit,409.53
TRX000215,CUST0029,PROD005,2025-04-05T17:39:40.654217,2,158.07,0,online,paypal,316.14
TRX000216,CUST0048,PROD004,2025-06-26T17:39:40.654221,3,70.85,5,store,debit,201.92249999999999
TRX000217,CUST0097,PROD007,2025-08-05T17:39:40.654226,2,39.23,15,store,cash,66.69099999999999
TRX000218,CUST0057,PROD002,2025-08-30T17:39:40.654230,3,32.2,10,store,credit,86.94000000000001
TRX000219,CUST0074,PROD007,2025-04-04T17:39:40.654234,1,113.62,0,store,debit,113.62
TRX000220,CUST0081,PROD015,2025-08-29T17:39:40.654238,1,49.85,5,online,paypal,47.3575
TRX000221,CUST0044,PROD007,2025-04-14T17:39:40.654242,1,52.62,10,mobile,credit,47.358
TRX000222,CUST0091,PROD002,2025-09-16T17:39:40.654246,3,132.54,0,online,cash,397.62
TRX000223,CUST0066,PROD006,2025-06-10T17:39:40.654250,1,193.47,20,store,debit,154.776
TRX000224,CUST0069,PROD001,2025-05-10T17:39:40.654254,1,151.27,10,mobile,cash,136.143
TRX000225,CUST0044,PROD004,2025-08-19T17:39:40.654257,1,67.05,15,online,paypal,56.99249999999999
TRX000226,CUST0041,PROD008,2025-05-04T17:39:40.654261,1,137.55,0,online,paypal,137.55
TRX000227,CUST0069,PROD008,2025-05-20T17:39:40.654265,1,195.62,15,online,debit,166.277
TRX000228,CUST0020,PROD014,2025-07-20T17:39:40.654270,2,121.51,5,mobile,debit,230.869
TRX000229,CUST0100,PROD001,2025-06-10T17:39:40.654274,2,145.64,10,online,debit,262.152
TRX000230,CUST0002,PROD017,2025-09-07T17:39:40.654278,2,161.2,20,store,credit,257.92
TRX000231,CUST0003,PROD015,2025-07-17T17:39:40.654282,3,182.95,15,store,credit,466.5224999999999
TRX000232,CUST0050,PROD014,2025-04-21T17:39:40.654286,2,198.3,15,online,credit,337.11
TRX000233,CUST0070,PROD005,2025-06-12T17:39:40.654290,2,89.45,0,mobile,credit,178.9
TRX000234,CUST0050,PROD013,2025-04-04T17:39:40.654295,1,120.98,15,store,paypal,102.833
TRX000235,CUST0028,PROD011,2025-06-04T17:39:40.654299,2,79.79,20,mobile,cash,127.66400000000002
TRX000236,CUST0035,PROD013,2025-05-14T17:39:40.654303,3,193.06,20,mobile,credit,463.34400000000005
TRX000237,CUST0029,PROD009,2025-07-20T17:39:40.654306,2,101.69,0,online,paypal,203.38
TRX000238,CUST0050,PROD012,2025-05-24T17:39:40.654311,1,47.86,10,store,paypal,43.074
TRX000239,CUST0031,PROD010,2025-06-22T17:39:40.654315,1,96.61,15,online,credit,82.1185
TRX000240,CUST0070,PROD006,2025-08-07T17:39:40.654319,2,86.23,20,store,credit,137.96800000000002
TRX000241,CUST0006,PROD015,2025-07-22T17:39:40.654323,3,18.01,20,mobile,paypal,43.224000000000004
TRX000242,CUST0059,PROD016,2025-05-02T17:39:40.654326,3,29.58,20,online,credit,70.992
TRX000243,CUST0092,PROD001,2025-08-22T17:39:40.654330,3,48.08,15,store,credit,122.604
TRX000244,CUST0083,PROD008,2025-09-05T17:39:40.654334,1,13.84,0,mobile,debit,13.84
TRX000245,CUST0001,PROD009,2025-08-21T17:39:40.654337,2,83.84,10,mobile,credit,150.912
TRX000246,CUST0096,PROD002,2025-04-03T17:39:40.654341,2,184.09,0,store,debit,368.18
TRX000247,CUST0075,PROD003,2025-04-22T17:39:40.654345,2,155.26,0,store,paypal,310.52
TRX000248,CUST0084,PROD009,2025-07-19T17:39:40.654349,2,10.72,10,online,credit,19.296000000000003
TRX000249,CUST0021,PROD002,2025-05-10T17:39:40.654353,2,15.43,15,store,credit,26.230999999999998
TRX000250,CUST0083,PROD003,2025-03-26T17:39:40.654356,1,167.18,10,mobile,paypal,150.46200000000002
TRX000251,CUST0059,PROD006,2025-05-01T17:39:40.654360,3,183.05,15,online,paypal,466.7775000000001
TRX000252,CUST0075,PROD013,2025-05-28T17:39:40.654364,1,88.1,10,mobile,cash,79.28999999999999
TRX000253,CUST0082,PROD020,2025-05-19T17:39:40.654408,3,148.03,10,store,paypal,399.68100000000004
TRX000254,CUST0038,PROD005,2025-05-22T17:39:40.654416,3,177.68,0,store,debit,533.04
TRX000255,CUST0024,PROD002,2025-05-29T17:39:40.654422,1,195.3,0,online,debit,195.3
TRX000256,CUST0089,PROD007,2025-08-18T17:39:40.654427,2,185.63,5,mobile,cash,352.697
TRX000257,CUST0071,PROD015,2025-08-24T17:39:40.654432,1,145.27,5,store,credit,138.00650000000002
TRX000258,CUST0100,PROD011,2025-04-06T17:39:40.654439,2,143.73,5,mobile,paypal,273.087
TRX000259,CUST0004,PROD010,2025-06-16T17:39:40.654444,3,186.71,20,mobile,paypal,448.10400000000004
TRX000260,CUST0015,PROD002,2025-05-17T17:39:40.654449,2,144.33,10,mobile,credit,259.79400000000004
TRX000261,CUST0014,PROD004,2025-07-24T17:39:40.654453,1,75.46,5,online,credit,71.687
TRX000262,CUST0069,PROD017,2025-07-12T17:39:40.654459,1,109.82,20,online,credit,87.856
TRX000263,CUST0075,PROD015,2025-07-09T17:39:40.654463,1,60.12,15,store,debit,51.102
TRX000264,CUST0095,PROD014,2025-04-15T17:39:40.654467,2,177.92,5,online,paypal,338.04799999999994
TRX000265,CUST0050,PROD010,2025-08-21T17:39:40.654471,1,158.8,0,online,credit,158.8
TRX000266,CUST0048,PROD008,2025-08-16T17:39:40.654477,3,92.13,0,online,cash,276.39
TRX000267,CUST0072,PROD004,2025-09-05T17:39:40.654481,3,35.26,0,store,debit,105.78
TRX000268,CUST0096,PROD004,2025-08-12T17:39:40.654485,1,139.15,0,online,debit,139.15
TRX000269,CUST0037,PROD001,2025-08-06T17:39:40.654490,2,193.25,10,mobile,cash,347.85
TRX000270,CUST0004,PROD013,2025-04-24T17:39:40.654494,3,97.28,0,mobile,paypal,291.84000000000003
TRX000271,CUST0015,PROD001,2025-08-06T17:39:40.654498,3,44.11,0,mobile,paypal,132.32999999999998
TRX000272,CUST0045,PROD020,2025-06-24T17:39:40.654502,3,82.49,20,store,paypal,197.976
TRX000273,CUST0046,PROD014,2025-03-31T17:39:40.654506,1,133.86,5,online,credit,127.167
TRX000274,CUST0019,PROD002,2025-06-04T17:39:40.654510,2,140.1,5,online,cash,266.19
TRX000275,CUST0095,PROD010,2025-05-01T17:39:40.654514,2,33.73,0,online,debit,67.46
TRX000276,CUST0096,PROD007,2025-08-09T17:39:40.654518,1,25.82,0,mobile,cash,25.82
TRX000277,CUST0093,PROD017,2025-04-10T17:39:40.654522,1,122.49,5,mobile,debit,116.36549999999998
TRX000278,CUST0076,PROD012,2025-08-16T17:39:40.654526,2,91.55,10,store,credit,164.79
TRX000279,CUST0046,PROD004,2025-04-27T17:39:40.654529,2,94.24,10,store,cash,169.632
TRX000280,CUST0058,PROD004,2025-06-05T17:39:40.654533,2,60.34,5,mobile,credit,114.646
TRX000281,CUST0031,PROD013,2025-09-04T17:39:40.654538,1,129.8,15,mobile,debit,110.33000000000001
TRX000282,CUST0044,PROD010,2025-06-10T17:39:40.654542,3,15.75,0,online,debit,47.25
TRX000283,CUST0011,PROD005,2025-05-26T17:39:40.654545,3,118.03,15,mobile,debit,300.97650000000004
TRX000284,CUST0041,PROD006,2025-05-25T17:39:40.654549,2,16.2,0,online,paypal,32.4
TRX000285,CUST0002,PROD009,2025-04-27T17:39:40.654553,2,159.76,10,store,credit,287.568
TRX000286,CUST0003,PROD009,2025-08-18T17:39:40.654557,1,70.12,0,store,credit,70.12
TRX000287,CUST0059,PROD019,2025-06-06T17:39:40.654560,2,117.21,10,mobile,credit,210.97799999999998
TRX000288,CUST0094,PROD013,2025-08-18T17:39:40.654564,1,174.6,0,mobile,credit,174.6
TRX000289,CUST0052,PROD016,2025-03-21T17:39:40.654568,3,123.48,10,mobile,cash,333.396
TRX000290,CUST0082,PROD015,2025-07-26T17:39:40.654572,2,111.6,0,online,debit,223.2
TRX000291,CUST0071,PROD010,2025-04-01T17:39:40.654576,2,125.65,0,store,credit,251.3
TRX000292,CUST0042,PROD013,2025-09-04T17:39:40.654582,3,51.33,20,store,paypal,123.19200000000001
TRX000293,CUST0065,PROD020,2025-09-08T17:39:40.654586,1,163.44,0,online,cash,163.44
TRX000294,CUST0053,PROD007,2025-07-28T17:39:40.654590,3,140.93,0,mobile,cash,422.79
TRX000295,CUST0031,PROD020,2025-08-06T17:39:40.654593,3,80.18,10,online,debit,216.48600000000002
TRX000296,CUST0073,PROD007,2025-08-22T17:39:40.654597,2,18.68,15,online,debit,31.756
TRX000297,CUST0004,PROD007,2025-05-11T17:39:40.654601,3,111.41,20,mobile,debit,267.384
TRX000298,CUST0091,PROD016,2025-06-26T17:39:40.654605,2,183.8,5,store,debit,349.22
TRX000299,CUST0037,PROD013,2025-09-02T17:39:40.654609,2,53.61,15,online,cash,91.137
TRX000300,CUST0041,PROD010,2025-09-01T17:39:40.654613,2,199.52,5,store,credit,379.088
TRX000301,CUST0080,PROD001,2025-09-08T17:39:40.654616,2,154.74,0,store,debit,309.48
TRX000302,CUST0018,PROD020,2025-08-21T17:39:40.654621,3,39.35,15,online,paypal,100.3425
TRX000303,CUST0094,PROD015,2025-09-04T17:39:40.654625,3,112.95,5,store,paypal,321.9075
TRX000304,CUST0009,PROD016,2025-06-10T17:39:40.654628,2,175.95,0,mobile,paypal,351.9
TRX000305,CUST0081,PROD018,2025-06-06T17:39:40.654632,2,112.02,15,store,cash,190.434
TRX000306,CUST0005,PROD007,2025-08-27T17:39:40.654636,3,112.93,10,store,paypal,304.911
TRX000307,CUST0012,PROD020,2025-04-09T17:39:40.654640,3,13.41,5,online,cash,38.2185
TRX000308,CUST0070,PROD007,2025-03-26T17:39:40.654673,2,54.26,15,online,credit,92.24199999999999
TRX000309,CUST0042,PROD004,2025-05-04T17:39:40.654679,2,109.49,20,mobile,credit,175.184
TRX000310,CUST0087,PROD002,2025-09-08T17:39:40.654683,3,41.8,10,mobile,debit,112.86
TRX000311,CUST0020,PROD019,2025-05-02T17:39:40.654688,2,75.58,15,store,debit,128.486
TRX000312,CUST0006,PROD004,2025-06-01T17:39:40.654693,3,35.25,5,store,cash,100.46249999999999
TRX000313,CUST0098,PROD008,2025-07-05T17:39:40.654696,2,165.96,20,store,paypal,265.536
TRX000314,CUST0065,PROD018,2025-05-21T17:39:40.654700,3,65.67,5,online,debit,187.15949999999998
TRX000315,CUST0097,PROD003,2025-04-03T17:39:40.654704,3,188.18,15,online,credit,479.859
TRX000316,CUST0064,PROD016,2025-04-14T17:39:40.654708,1,169.0,5,mobile,cash,160.54999999999998
TRX000317,CUST0051,PROD008,2025-08-15T17:39:40.654713,1,78.01,20,mobile,paypal,62.40800000000001
TRX000318,CUST0001,PROD003,2025-04-29T17:39:40.654717,3,58.98,20,online,debit,141.552
TRX000319,CUST0052,PROD017,2025-06-25T17:39:40.654721,3,102.5,0,online,credit,307.5
TRX000320,CUST0080,PROD019,2025-07-18T17:39:40.654724,1,58.26,5,online,debit,55.346999999999994
TRX000321,CUST0002,PROD017,2025-07-01T17:39:40.654728,1,178.67,15,mobile,paypal,151.8695
TRX000322,CUST0038,PROD004,2025-09-08T17:39:40.654732,3,171.45,15,store,debit,437.19749999999993
TRX000323,CUST0025,PROD008,2025-07-27T17:39:40.654737,1,28.67,5,store,paypal,27.2365
TRX000324,CUST0003,PROD018,2025-05-01T17:39:40.654740,3,26.7,20,mobile,credit,64.08
TRX000325,CUST0062,PROD015,2025-05-05T17:39:40.654744,1,29.14,5,mobile,credit,27.683
TRX000326,CUST0016,PROD003,2025-04-25T17:39:40.654748,3,30.29,15,mobile,cash,77.2395
TRX000327,CUST0015,PROD007,2025-04-27T17:39:40.654752,2,152.85,20,mobile,cash,244.56
TRX000328,CUST0099,PROD015,2025-07-06T17:39:40.654755,2,98.5,0,store,cash,197.0
TRX000329,CUST0032,PROD012,2025-08-17T17:39:40.654759,2,115.25,10,mobile,debit,207.45000000000002
TRX000330,CUST0090,PROD016,2025-03-22T17:39:40.654763,2,157.6,0,mobile,debit,315.2
TRX000331,CUST0049,PROD003,2025-03-23T17:39:40.654768,1,172.9,10,mobile,credit,155.61
TRX000332,CUST0053,PROD009,2025-05-05T17:39:40.654772,2,132.57,5,online,cash,251.88299999999998
TRX000333,CUST0014,PROD002,2025-05-18T17:39:40.654775,1,163.65,0,mobile,paypal,163.65
TRX000334,CUST0080,PROD013,2025-08-23T17:39:40.654779,2,13.04,15,mobile,paypal,22.168
TRX000335,CUST0029,PROD016,2025-07-17T17:39:40.654783,2,50.57,10,online,debit,91.026
TRX000336,CUST0070,PROD020,2025-04-16T17:39:40.654787,1,39.39,5,store,cash,37.4205
TRX000337,CUST0008,PROD010,2025-04-10T17:39:40.654790,3,41.37,20,online,cash,99.288
TRX000338,CUST0045,PROD015,2025-07-12T17:39:40.654794,2,165.28,10,online,paypal,297.504
TRX000339,CUST0031,PROD012,2025-05-13T17:39:40.654798,3,163.89,15,mobile,credit,417.91949999999997
TRX000340,CUST0100,PROD006,2025-07-17T17:39:40.654801,3,85.71,20,mobile,credit,205.704
TRX000341,CUST0078,PROD020,2025-07-09T17:39:40.654805,1,104.39,5,mobile,cash,99.17049999999999
TRX000342,CUST0064,PROD006,2025-06-22T17:39:40.654808,3,54.01,10,mobile,credit,145.827
TRX000343,CUST0012,PROD017,2025-07-10T17:39:40.654812,2,156.12,15,online,cash,265.404
TRX000344,CUST0070,PROD019,2025-06-22T17:39:40.654816,2,85.1,15,store,cash,144.67
TRX000345,CUST0014,PROD017,2025-07-19T17:39:40.654821,2,62.1,5,store,cash,117.99
TRX000346,CUST0066,PROD002,2025-05-09T17:39:40.654824,1,180.83,10,store,paypal,162.747
TRX000347,CUST0057,PROD007,2025-03-22T17:39:40.654828,1,128.09,5,store,cash,121.68549999999999
TRX000348,CUST0036,PROD008,2025-07-13T17:39:40.654832,3,146.74,5,store,debit,418.209
TRX000349,CUST0011,PROD004,2025-04-20T17:39:40.654836,1,122.95,20,mobile,paypal,98.36000000000001
TRX000350,CUST0030,PROD012,2025-04-30T17:39:40.654840,3,59.39,10,online,debit,160.353
TRX000351,CUST0048,PROD016,2025-08-31T17:39:40.654845,3,156.79,5,store,cash,446.8515
TRX000352,CUST0017,PROD008,2025-04-29T17:39:40.654849,3,159.92,15,mobile,paypal,407.796
TRX000353,CUST0094,PROD015,2025-05-19T17:39:40.654852,3,151.05,20,store,credit,362.52000000000004
TRX000354,CUST0056,PROD015,2025-06-01T17:39:40.654856,3,199.23,0,store,debit,597.6899999999999
TRX000355,CUST0035,PROD019,2025-05-22T17:39:40.654860,2,45.61,0,store,cash,91.22
TRX000356,CUST0026,PROD016,2025-04-15T17:39:40.654864,1,74.51,0,store,debit,74.51
TRX000357,CUST0063,PROD008,2025-05-30T17:39:40.654867,1,114.14,5,mobile,paypal,108.43299999999999
TRX000358,CUST0071,PROD019,2025-06-11T17:39:40.654871,3,51.36,5,mobile,credit,146.37599999999998
TRX000359,CUST0042,PROD009,2025-05-05T17:39:40.654876,3,37.71,0,online,debit,113.13
TRX000360,CUST0040,PROD020,2025-04-06T17:39:40.654879,2,30.62,20,mobile,credit,48.992000000000004
TRX000361,CUST0058,PROD018,2025-06-30T17:39:40.654883,2,197.69,0,store,paypal,395.38
TRX000362,CUST0090,PROD008,2025-06-05T17:39:40.654887,1,79.33,5,mobile,debit,75.3635
TRX000363,CUST0018,PROD003,2025-07-04T17:39:40.654891,2,192.37,15,store,credit,327.029
TRX000364,CUST0067,PROD016,2025-08-02T17:39:40.654895,1,116.78,5,online,debit,110.941
TRX000365,CUST0082,PROD014,2025-05-23T17:39:40.654898,2,20.72,10,mobile,paypal,37.296
TRX000366,CUST0019,PROD016,2025-07-03T17:39:40.654903,2,133.26,15,store,paypal,226.54199999999997
TRX000367,CUST0066,PROD012,2025-07-08T17:39:40.654907,3,128.58,15,online,credit,327.879
TRX000368,CUST0045,PROD014,2025-03-31T17:39:40.654911,2,33.67,20,online,credit,53.87200000000001
TRX000369,CUST0031,PROD009,2025-05-23T17:39:40.654915,1,26.85,5,store,debit,25.5075
TRX000370,CUST0006,PROD020,2025-05-06T17:39:40.654920,2,160.11,10,store,paypal,288.19800000000004
TRX000371,CUST0054,PROD013,2025-07-19T17:39:40.654923,1,84.98,0,online,paypal,84.98
TRX000372,CUST0092,PROD016,2025-05-22T17:39:40.654927,2,75.56,15,online,credit,128.452
TRX000373,CUST0028,PROD019,2025-08-24T17:39:40.654931,1,59.96,20,mobile,cash,47.968
TRX000374,CUST0005,PROD010,2025-06-24T17:39:40.654935,3,194.26,15,mobile,cash,495.36299999999994
TRX000375,CUST0001,PROD011,2025-08-05T17:39:40.654938,2,78.19,10,mobile,credit,140.742
TRX000376,CUST0090,PROD012,2025-03-27T17:39:40.654942,1,68.06,20,store,cash,54.44800000000001
TRX000377,CUST0038,PROD005,2025-03-25T17:39:40.654959,1,125.04,0,store,credit,125.04
TRX000378,CUST0050,PROD015,2025-07-06T17:39:40.654964,1,156.11,15,store,cash,132.6935
TRX000379,CUST0097,PROD009,2025-06-07T17:39:40.654968,3,58.57,10,store,paypal,158.139
TRX000380,CUST0072,PROD013,2025-03-28T17:39:40.654972,3,193.19,20,mobile,debit,463.65599999999995
TRX000381,CUST0068,PROD020,2025-07-07T17:39:40.654976,3,117.61,20,mobile,debit,282.264
TRX000382,CUST0016,PROD001,2025-06-09T17:39:40.654980,1,100.56,5,store,paypal,95.532
TRX000383,CUST0048,PROD007,2025-06-04T17:39:40.654983,3,12.14,10,mobile,debit,32.778000000000006
TRX000384,CUST0066,PROD001,2025-04-30T17:39:40.654987,2,77.13,0,store,paypal,154.26
TRX000385,CUST0063,PROD016,2025-07-23T17:39:40.654991,2,54.3,10,store,credit,97.74
TRX000386,CUST0037,PROD011,2025-08-13T17:39:40.654995,1,133.59,15,mobile,cash,113.5515
TRX000387,CUST0087,PROD020,2025-04-14T17:39:40.655000,1,139.28,10,store,credit,125.352
TRX000388,CUST0039,PROD005,2025-05-01T17:39:40.655004,1,71.34,10,online,cash,64.206
TRX000389,CUST0020,PROD005,2025-09-14T17:39:40.655007,3,135.47,0,mobile,debit,406.40999999999997
TRX000390,CUST0094,PROD003,2025-04-04T17:39:40.655012,3,22.81,15,mobile,paypal,58.165499999999994
TRX000391,CUST0089,PROD004,2025-09-16T17:39:40.655016,1,37.5,15,mobile,debit,31.875
TRX000392,CUST0007,PROD007,2025-07-09T17:39:40.655021,1,151.79,15,store,debit,129.0215
TRX000393,CUST0029,PROD018,2025-05-15T17:39:40.655025,3,19.55,20,store,debit,46.92000000000001
TRX000394,CUST0026,PROD016,2025-08-25T17:39:40.655028,2,154.84,5,mobile,paypal,294.19599999999997
TRX000395,CUST0067,PROD004,2025-07-15T17:39:40.655032,1,180.42,0,store,debit,180.42
TRX000396,CUST0088,PROD008,2025-09-08T17:39:40.655036,2,16.11,5,mobile,cash,30.608999999999998
TRX000397,CUST0026,PROD019,2025-05-09T17:39:40.655040,1,134.02,15,store,cash,113.917
TRX000398,CUST0032,PROD020,2025-04-06T17:39:40.655044,2,160.56,10,store,debit,289.00800000000004
TRX000399,CUST0063,PROD002,2025-06-09T17:39:40.655048,1,120.88,15,mobile,debit,102.74799999999999
TRX000400,CUST0061,PROD005,2025-04-04T17:39:40.655051,2,154.39,5,store,debit,293.34099999999995
TRX000401,CUST0038,PROD003,2025-06-04T17:39:40.655055,2,102.25,5,online,cash,194.27499999999998
TRX000402,CUST0012,PROD006,2025-06-04T17:39:40.655059,1,177.18,0,online,cash,177.18
TRX000403,CUST0086,PROD007,2025-05-27T17:39:40.655066,1,152.71,5,store,cash,145.0745
TRX000404,CUST0029,PROD003,2025-08-30T17:39:40.655070,2,114.17,5,store,paypal,216.923
TRX000405,CUST0096,PROD006,2025-06-27T17:39:40.655074,1,49.35,5,store,paypal,46.8825
TRX000406,CUST0064,PROD016,2025-09-12T17:39:40.655078,1,169.24,15,store,cash,143.854
TRX000407,CUST0028,PROD002,2025-05-30T17:39:40.655082,2,133.28,15,online,cash,226.576
TRX000408,CUST0097,PROD003,2025-05-05T17:39:40.655087,3,52.23,15,online,credit,133.1865
TRX000409,CUST0098,PROD011,2025-04-07T17:39:40.655092,1,133.16,15,online,paypal,113.18599999999999
TRX000410,CUST0099,PROD001,2025-05-27T17:39:40.655120,3,122.38,0,store,debit,367.14
TRX000411,CUST0049,PROD007,2025-06-30T17:39:40.655126,1,150.61,0,mobile,debit,150.61
TRX000412,CUST0035,PROD010,2025-06-02T17:39:40.655129,3,58.63,0,mobile,credit,175.89000000000001
TRX000413,CUST0068,PROD016,2025-07-13T17:39:40.655134,2,118.45,10,online,debit,213.21
TRX000414,CUST0010,PROD007,2025-04-17T17:39:40.655137,1,44.33,5,online,paypal,42.113499999999995
TRX000415,CUST0025,PROD019,2025-07-19T17:39:40.655141,2,100.01,15,store,debit,170.017
TRX000416,CUST0023,PROD007,2025-05-02T17:39:40.655145,3,178.99,0,online,paypal,536.97
TRX000417,CUST0001,PROD015,2025-05-08T17:39:40.655149,3,74.44,5,mobile,credit,212.154
TRX000418,CUST0019,PROD018,2025-05-12T17:39:40.655153,1,102.59,15,online,paypal,87.2015
TRX000419,CUST0060,PROD012,2025-09-01T17:39:40.655156,2,177.71,10,mobile,cash,319.87800000000004
TRX000420,CUST0057,PROD008,2025-04-16T17:39:40.655160,2,22.5,20,online,cash,36.0
TRX000421,CUST0072,PROD013,2025-09-15T17:39:40.655164,2,112.99,10,online,paypal,203.382
TRX000422,CUST0032,PROD017,2025-04-23T17:39:40.655168,1,155.89,15,mobile,credit,132.5065
TRX000423,CUST0073,PROD002,2025-06-11T17:39:40.655172,3,82.08,0,online,debit,246.24
TRX000424,CUST0099,PROD017,2025-07-08T17:39:40.655176,2,100.22,5,mobile,cash,190.41799999999998
TRX000425,CUST0068,PROD003,2025-07-18T17:39:40.655179,1,93.19,0,mobile,debit,93.19
TRX000426,CUST0073,PROD012,2025-05-19T17:39:40.655183,1,83.03,20,store,paypal,66.424
TRX000427,CUST0078,PROD001,2025-03-28T17:39:40.655187,2,157.06,0,online,paypal,314.12
TRX000428,CUST0088,PROD001,2025-07-27T17:39:40.655190,2,42.3,5,store,cash,80.36999999999999
TRX000429,CUST0030,PROD001,2025-07-26T17:39:40.655195,3,170.07,0,online,cash,510.21
TRX000430,CUST0058,PROD013,2025-08-10T17:39:40.655200,2,191.76,15,store,cash,325.99199999999996
TRX000431,CUST0006,PROD018,2025-06-21T17:39:40.655204,2,150.75,15,mobile,cash,256.275
TRX000432,CUST0045,PROD001,2025-08-26T17:39:40.655207,1,80.22,10,mobile,paypal,72.19800000000001
TRX000433,CUST0055,PROD003,2025-05-28T17:39:40.655211,3,14.84,20,mobile,cash,35.616
TRX000434,CUST0049,PROD014,2025-08-28T17:39:40.655215,2,112.42,15,mobile,paypal,191.114
TRX000435,CUST0086,PROD003,2025-08-27T17:39:40.655218,3,107.59,15,mobile,cash,274.3545
TRX000436,CUST0033,PROD018,2025-04-16T17:39:40.655222,3,84.33,5,online,paypal,240.3405
TRX000437,CUST0045,PROD001,2025-06-18T17:39:40.655226,2,48.51,5,online,credit,92.169
TRX000438,CUST0032,PROD005,2025-08-23T17:39:40.655229,2,124.69,20,mobile,cash,199.50400000000002
TRX000439,CUST0087,PROD002,2025-08-21T17:39:40.655233,3,105.69,5,mobile,debit,301.2165
TRX000440,CUST0098,PROD016,2025-03-26T17:39:40.655237,2,37.98,0,mobile,paypal,75.96
TRX000441,CUST0051,PROD009,2025-06-09T17:39:40.655240,1,74.92,15,online,cash,63.682
TRX000442,CUST0014,PROD016,2025-05-04T17:39:40.655244,1,99.8,5,online,credit,94.80999999999999
TRX000443,CUST0086,PROD017,2025-06-07T17:39:40.655248,2,84.66,10,mobile,debit,152.388
TRX000444,CUST0100,PROD002,2025-05-15T17:39:40.655252,3,120.61,5,mobile,paypal,343.7385
TRX000445,CUST0046,PROD009,2025-06-06T17:39:40.655255,3,43.37,15,online,cash,110.59349999999998
TRX000446,CUST0051,PROD010,2025-03-30T17:39:40.655259,1,149.55,10,store,paypal,134.59500000000003
TRX000447,CUST0051,PROD010,2025-05-10T17:39:40.655263,2,21.68,10,mobile,paypal,39.024
TRX000448,CUST0009,PROD001,2025-05-16T17:39:40.655268,1,28.49,10,online,paypal,25.641
TRX000449,CUST0055,PROD014,2025-05-28T17:39:40.655272,3,11.78,20,online,paypal,28.272
TRX000450,CUST0040,PROD014,2025-05-25T17:39:40.655276,2,118.95,0,mobile,credit,237.9
TRX000451,CUST0072,PROD005,2025-04-10T17:39:40.655281,1,42.76,20,mobile,paypal,34.208
TRX000452,CUST0024,PROD002,2025-06-25T17:39:40.655284,3,199.66,5,online,credit,569.031
TRX000453,CUST0017,PROD016,2025-04-16T17:39:40.655288,3,26.19,0,online,paypal,78.57000000000001
TRX000454,CUST0094,PROD015,2025-08-04T17:39:40.655292,3,85.01,20,online,paypal,204.02400000000003
TRX000455,CUST0058,PROD011,2025-03-20T17:39:40.655296,1,90.7,15,store,cash,77.095
TRX000456,CUST0082,PROD012,2025-05-02T17:39:40.655299,2,172.03,0,online,debit,344.06
TRX000457,CUST0018,PROD006,2025-05-03T17:39:40.655303,1,119.8,20,mobile,cash,95.84
TRX000458,CUST0056,PROD008,2025-08-05T17:39:40.655307,3,10.57,0,mobile,debit,31.71
TRX000459,CUST0054,PROD020,2025-08-14T17:39:40.655310,2,56.48,0,online,cash,112.96
TRX000460,CUST0081,PROD002,2025-07-26T17:39:40.655314,2,98.48,15,online,cash,167.416
TRX000461,CUST0042,PROD019,2025-05-17T17:39:40.655318,1,139.84,15,store,debit,118.864
TRX000462,CUST0020,PROD020,2025-04-03T17:39:40.655324,2,16.42,20,online,paypal,26.272000000000006
TRX000463,CUST0073,PROD007,2025-04-11T17:39:40.655328,1,174.41,0,mobile,paypal,174.41
TRX000464,CUST0059,PROD005,2025-09-02T17:39:40.655332,1,42.57,5,online,cash,40.4415
TRX000465,CUST0040,PROD017,2025-06-12T17:39:40.655335,1,52.76,0,mobile,cash,52.76
TRX000466,CUST0075,PROD014,2025-05-24T17:39:40.655339,3,41.3,10,online,paypal,111.50999999999999
TRX000467,CUST0097,PROD013,2025-05-26T17:39:40.655343,3,130.56,5,store,cash,372.096
TRX000468,CUST0075,PROD006,2025-08-06T17:39:40.655348,3,110.16,5,mobile,cash,313.956
TRX000469,CUST0010,PROD006,2025-06-09T17:39:40.655351,2,74.78,5,store,credit,142.082
TRX000470,CUST0041,PROD006,2025-04-29T17:39:40.655355,3,188.86,5,online,debit,538.251
TRX000471,CUST0049,PROD019,2025-07-07T17:39:40.655359,1,135.71,10,mobile,paypal,122.13900000000001
TRX000472,CUST0023,PROD009,2025-04-24T17:39:40.655364,2,15.68,15,online,cash,26.656
TRX000473,CUST0033,PROD009,2025-08-06T17:39:40.655367,2,162.29,0,mobile,credit,324.58
TRX000474,CUST0035,PROD017,2025-09-11T17:39:40.655371,3,85.86,20,online,cash,206.064
TRX000475,CUST0011,PROD003,2025-05-23T17:39:40.655375,2,184.97,10,online,paypal,332.946
TRX000476,CUST0040,PROD011,2025-08-22T17:39:40.655414,1,88.29,0,mobile,debit,88.29
TRX000477,CUST0081,PROD009,2025-04-29T17:39:40.655417,3,198.42,15,store,cash,505.971
TRX000478,CUST0007,PROD009,2025-08-23T17:39:40.655421,2,110.55,10,mobile,paypal,198.99
TRX000479,CUST0064,PROD019,2025-04-29T17:39:40.655424,1,48.59,15,online,cash,41.301500000000004
TRX000480,CUST0073,PROD003,2025-07-14T17:39:40.655428,2,122.51,10,online,paypal,220.518
TRX000481,CUST0083,PROD007,2025-05-16T17:39:40.655432,3,169.58,5,store,cash,483.303
TRX000482,CUST0060,PROD004,2025-05-26T17:39:40.655435,2,111.12,5,mobile,cash,211.128
TRX000483,CUST0013,PROD005,2025-09-05T17:39:40.655439,3,90.79,5,store,cash,258.75149999999996
TRX000484,CUST0032,PROD018,2025-04-18T17:39:40.655443,3,140.27,10,mobile,credit,378.72900000000004
TRX000485,CUST0009,PROD006,2025-03-22T17:39:40.655447,3,169.85,15,store,paypal,433.11749999999995
TRX000486,CUST0081,PROD004,2025-07-02T17:39:40.655450,2,66.79,15,mobile,debit,113.543
TRX000487,CUST0079,PROD010,2025-09-10T17:39:40.655456,1,45.78,5,store,debit,43.491
TRX000488,CUST0086,PROD005,2025-04-23T17:39:40.655460,1,119.59,20,mobile,debit,95.67200000000001
TRX000489,CUST0017,PROD020,2025-07-13T17:39:40.655464,3,68.61,15,store,debit,174.95549999999997
TRX000490,CUST0061,PROD001,2025-05-24T17:39:40.655468,1,94.17,10,online,debit,84.753
TRX000491,CUST0008,PROD008,2025-04-19T17:39:40.655472,1,13.4,10,mobile,debit,12.06
TRX000492,CUST0001,PROD004,2025-06-22T17:39:40.655475,2,23.94,15,mobile,credit,40.698
TRX000493,CUST0025,PROD007,2025-06-25T17:39:40.655480,3,140.17,0,online,debit,420.51
TRX000494,CUST0036,PROD013,2025-08-27T17:39:40.655484,3,53.47,10,mobile,paypal,144.369
TRX000495,CUST0024,PROD012,2025-08-30T17:39:40.655488,2,141.02,10,online,paypal,253.836
TRX000496,CUST0044,PROD010,2025-06-11T17:39:40.655491,3,41.56,0,mobile,debit,124.68
TRX000497,CUST0026,PROD007,2025-03-23T17:39:40.655495,3,108.3,20,online,cash,259.92
TRX000498,CUST0086,PROD013,2025-05-03T17:39:40.655499,1,157.58,10,store,debit,141.822
TRX000499,CUST0073,PROD005,2025-04-15T17:39:40.655503,1,132.4,0,mobile,credit,132.4
